{
  "welcomeFile": "/index.html?role=IN",
  "authenticationMethod": "route",
  "routes": [
    {
      "source": "^/approval-hub/(.*)$",
      "target": "/approval-hub/$1",
      "destination": "MM_DPDE_Workflows-srv-api",
      "authenticationType": "xsuaa",
      "csrfProtection": false
    },
    {
      "source": "^/odata/v2/approval-hub/(.*)$",
      "target": "/odata/v2/approval-hub/$1",
      "destination": "MM_DPDE_Workflows-srv-api",
      "authenticationType": "xsuaa",
      "csrfProtection": false
    },
    {
      "source": "^/resources/(.*)$",
      "target": "/resources/$1",
      "authenticationType": "none",
      "destination": "ui5"
    },
    {
      "source": "^/test-resources/(.*)$",
      "target": "/test-resources/$1",
      "authenticationType": "none",
      "destination": "ui5"
    },
    {
      "source": "^(.*)$",
      "target": "$1",
      "service": "html5-apps-repo-rt",
      "authenticationType": "xsuaa"
    }
  ]
}
