<core:FragmentDefinition xmlns="sap.m" xmlns:core="sap.ui.core">
    <Dialog  type="Message" contentWidth="35%" >
         
            <customHeader>
            <Toolbar>
                <ToolbarSpacer/>
                <FlexBox direction="Row" alignItems="Start" justifyContent="Start">
                    
                    <Label text="Assign the Approver" class="remarksdatacss" required="true"  />
                </FlexBox>
                <ToolbarSpacer/>
            </Toolbar>
        </customHeader>

        <content>
            <VBox>
            <Label id="R1LabelFrag" text="Please select an approver to assign this request." class="sapUiTinyMarginEnd" required="true"/>
              <ComboBox id="R1Boxfrag" selectionChange="onR1BoxChange" change="onR1ChangeValidate" selectedKey="{Requestservicemodel>/newdtl/approverR1}" class="sapUiSmallMarginBottom" width="100%"
    items="{
        path: 'onNewBudgetAssetTeamModel>/results'
    }">
    <core:ListItem key="" text="" /> 
    <core:ListItem  key="{onNewBudgetAssetTeamModel>userID}"  text="{onNewBudgetAssetTeamModel>userID} - {onNewBudgetAssetTeamModel>name}" />
</ComboBox>

<Label id="CTLabelFrag" text="Please select an approver to assign this request." class="sapUiTinyMarginEnd" required="true"/>
              <ComboBox id="CTBoxfrag" selectionChange="onR1BoxChange" change="onR1ChangeValidate" selectedKey="{Requestservicemodel>/newdtl/approverR1}" class="sapUiSmallMarginBottom" width="100%"
    items="{
        path: 'onNewBudgetCorporateTeamModel>/results'
    }">
    <core:ListItem key="" text="" /> 
    <core:ListItem  key="{onNewBudgetCorporateTeamModel>userID}"  text="{onNewBudgetCorporateTeamModel>userID} - {onNewBudgetCorporateTeamModel>name}" />
</ComboBox>
            </VBox>
        </content>

        <buttons>
        <Button id="Assignbtn" text="Assign" type="Accept" press="onAssignNewBudgetReqForm" visible="true"/>
        <!-- <Button id="Forwardbtn" text="Forward" type="Accept" press="onForwardNewBudgetReqForm" visible="true"/> -->
          <Button text="Cancel" type="Reject" press="onCloseAssignFrag" />
        </buttons>

    </Dialog>
</core:FragmentDefinition>
