<core:FragmentDefinition
    xmlns="sap.m"
    xmlns:core="sap.ui.core"
    xmlns:layout="sap.ui.layout"
    xmlns:form="sap.ui.layout.form">
    <Dialog id="contBalanceFormDialog" title="{i18n>contBalanceDialogTitleAdd}" 
    contentWidth="30%"
    titleAlignment="Center">
        <content>
            <form:SimpleForm id="contBalanceForm" editable="true" layout="ResponsiveGridLayout" labelSpanL="4" labelSpanM="4" emptySpanL="0" emptySpanM="0">
                <form:content>
                    <Label text="{i18n>nrtCodeLabel}" required="true"/>
                    <Input
    id="inpNrtCodeCon"
    value="{formModel>/WBSCode}"
    visible="{viewModel>/showFregNrtCode}"
    type="Number"
/>

 <Label text="Level" required="true"/>
                    <Input
    id="inpLevelCon"
    value="{formModel>/level}"
    visible="{viewModel>/showFregLevel}"
    type="Number"
/>


                    <Label text="{i18n>balancePriorLabel}"/>
                    <Input
                        id="inpBalancePrior"
                        value="{formModel>/priorBalance}"
                        type="Number"
                       />

                    <Label text="{i18n>amountToTransferLabel}"/>
                    <Input
                        id="inpAmountToTransfer"
                        value="{formModel>/transfAmountCurrApproval}"
                        type="Number"
                        />

                    <Label text="{i18n>balancePostLabel}"/>
                    <Input
                        id="inpBalancePost"
                        value="{formModel>/balancePostTransfer}"
                        type="Number"
                       />
                          
                     

                    <Label text="{i18n>remarksLabel}"/>
                    <TextArea
                        id="inpRemarksContBalance"
                        value="{formModel>/remarks}"
                        rows="4"
                        placeholder="{i18n>remarksPlaceholder}"/>
                </form:content>
            </form:SimpleForm>
        </content>
    </Dialog>
</core:FragmentDefinition>