<core:FragmentDefinition
    xmlns="sap.m"
    xmlns:core="sap.ui.core"
    xmlns:layout="sap.ui.layout"
    xmlns:form="sap.ui.layout.form">
    <Dialog id="wbsFormDialog" title="{i18n>wbsDialogTitleAdd}" titleAlignment="Center">
        <content>
            <form:SimpleForm id="wbsForm" editable="true" layout="ResponsiveGridLayout" labelSpanL="4" labelSpanM="4" emptySpanL="0" emptySpanM="0">
                <form:content>
                    <Label text="{i18n>wbsCodeLabel}" required="true"/>
                    <!-- <ComboBox
                        id="inpWbsCode"
                       items="{formModel>/wbsCodes}"
    selectedKey="{formModel>/fromWBSCode}"
                     
                        showValueHelp="true"
                        width="100%">
                        <core:Item key="{formModel>text}" text="{formModel>text}"/>
                    </ComboBox> -->
                      <Input
                        id="inpWbsCode"
                        value="{formModel>/fromWBSCode}"
                        />

                    <Label text="{i18n>wbsLevelLabel}"/>
                    <!-- <ComboBox
                        id="inpWbsLevel"
                        items="{formModel>/wbsLevels}"
                        selectedKey="{formModel>/fromWBSLevel}"
                        
                        showValueHelp="true"
                        width="100%">
                        <core:Item key="{formModel>text}" text="{formModel>text}"/>
                    </ComboBox> -->
                      <!-- <Input
                        id="inpWbsLevel"
                        value="{formModel>/fromWBSLevel}"
                        /> -->
 <ComboBox
                    id="inpWbsLevel"
                    value="{formModel>/fromWBSLevel}"
                    change="onComboBoxChange"
                    items="{ path: 'ToWBSLevelModel>/results' }"
                >
                    <core:Item
                        key="{ToWBSLevelModel>description}"
                        text="{ToWBSLevelModel>description}" />
                </ComboBox>

                    <Label text="{i18n>wbsLocationLabel}"/>
                    <!-- <ComboBox
                        id="inpWbsLoc"
                        items="{formModel>/wbsLocations}"
                        selectedKey="{formModel>/fromWBSLoc}"
                      
                        showValueHelp="true"
                        width="100%">
                        <core:Item key="{formModel>text}" text="{formModel>text}"/>
                    </ComboBox> -->
                          <ComboBox
                    id="inpWbsLoc"
                    change="onComboBoxChange"
                   value="{formModel>/fromWBSLoc}"
                    items="{ path: 'FromWBSLocModel>/results' }"
                >
                    <core:Item
                        key="{FromWBSLocModel>description}"
                        text="{FromWBSLocModel>description}" />
                </ComboBox>

                    <Label 
                    text="{i18n>capexNrtColumn}"/>
                    <Input
                        id="inpCapexNrt"
                        value="{formModel>/capexNRT}"
                        type="Number"/>
                      

                    <Label text="{i18n>capexLandedColumn}"/>
                    <Input
                        id="inpCapexLanded"
                        value="{formModel>/capexLanded}"
                        type="Number"/>
                        <Label 
                        id="revenueNrtLabel"
                         text="{i18n>revenueNrtColumn}"
                        labelFor="inpRevenueNrt"
                        visible="{viewModel>/showRevenueTotalCol}"
                         />
                    <Input
                        id="inpRevenueNrt"
                        value="{formModel>/revenueNRT}"
                        type="Number"
                         visible="{viewModel>/showRevenueTotalCol}"
                        change="onRevenueNrtChange"/>

                    <!-- Revenue Landed -->
                    <Label 
                        id="revenueLandedLabel"
                       text="{i18n>revenueLandedColumn}"
                        labelFor="inpRevenueLanded"
                        visible="{viewModel>/showRevenueTotalCol}"
                         />
                    <Input
                        id="inpRevenueLanded"
                        value="{formModel>/revenueLanded}"
                        type="Number"
                         visible="{viewModel>/showRevenueTotalCol}"
                        change="onRevenueLandedChange"/>

                    <!-- Total NRT -->
                    <Label 
                        id="totalNrtLabel"
                         text="{i18n>totalNrtColumn}"
                         visible="{viewModel>/showRevenueTotalCol}"
                        labelFor="inpTotalNrt"
                         />
                    <Input
                        id="inpTotalNrt"
                        value="{formModel>/totalNRT}"
                        type="Number"
                        visible="{viewModel>/showRevenueTotalCol}"
                       
                         />

                    <!-- Total Landed -->
                    <Label 
                        id="totalLandedLabel"
                        text="{i18n>totalLandedColumn}"
                        labelFor="inpTotalLanded"
                        visible="{viewModel>/showRevenueTotalCol}"
                         />
                    <Input
                        id="inpTotalLanded"
                        value="{formModel>/totalLanded}"
                        type="Number"
                        visible="{viewModel>/showRevenueTotalCol}"
                         />
                        
                    <Label  text="{i18n>remarksColumn}"/>
                    <TextArea
                        id="inpRemarks"
                        value="{formModel>/remarks}"
                        rows="3"
                        
                        width="100%"/>
                </form:content>
            </form:SimpleForm>
        </content>
    </Dialog>
</core:FragmentDefinition>