<core:FragmentDefinition
    xmlns="sap.m"
    xmlns:core="sap.ui.core"
    xmlns:form="sap.ui.layout.form">
    <Dialog id="idContingencyBalanceFragmentDialog" title="{i18n>titleContingencyBalanceFragment}{idContingencyBalanceFragmentModel>/mode}">
        <content>
            <form:SimpleForm id="idContingencyBalanceForm" editable="true" layout="ColumnLayout">
                <Label id="idNrtCodeLabel" text="{i18n>labelNrtCode}" />
                <Input id="idNrtCodeInput" value="{idContingencyBalanceFragmentModel>/data/nrtCode}" />
                <Label id="idLevelLabel" text="{i18n>labelLevel}" />
                <Input id="idLevelInput" value="{idContingencyBalanceFragmentModel>/data/label}" />
                <Label id="idBalancePriorLabel" text="{i18n>labelBalancePrior}" />
                <Input id="idBalancePriorInput" value="{idContingencyBalanceFragmentModel>/data/balancePrior}" type="Number" />
                <Label id="idAmountToTransferLabel" text="{i18n>labelAmountToTransfer}" />
                <Input id="idAmountToTransferInput" value="{idContingencyBalanceFragmentModel>/data/amountToTransfer}" type="Number" />
                <Label id="idBalancePostLabel" text="{i18n>labelBalancePost}" />
                <Input id="idBalancePostInput" value="{idContingencyBalanceFragmentModel>/data/balancePost}" type="Number" />
                <Label id="idRemarksLabel" text="{i18n>labelRemarks}" />
                <TextArea id="idRemarksTextArea" value="{idContingencyBalanceFragmentModel>/data/remarks}" />
            </form:SimpleForm>
        </content>
        <beginButton>
            <Button id="idSaveContingencyBalanceButton" text="{i18n>btnSave}" press="onSaveContingencyBalanceFragment" type="Emphasized" />
        </beginButton>
        <endButton>
            <Button id="idCancelContingencyBalanceButton" text="{i18n>btnCancel}" press="onCancelContingencyBalanceFragment" />
        </endButton>
    </Dialog>
</core:FragmentDefinition>