<core:FragmentDefinition xmlns="sap.m" xmlns:core="sap.ui.core" xmlns:f="sap.ui.layout.form">
    <Dialog title="Select Initiation" class="sapUiResponsivePadding"  contentWidth="40%">
        <content>
        <f:SimpleForm editable="true" layout="ResponsiveGridLayout"
    labelSpanXL="12" labelSpanL="12" labelSpanM="12"
    columnsXL="2" columnsL="2" columnsM="1">
    <Label text="" />
    <VBox width="100%">
        <RadioButtonGroup id="radiobuttonformdataInfra"
            selectedIndex="-1"
            select="onRadioSelectionINFRA"
            columns="2"
            width="100%">
            <RadioButton text="Fuel Request" selected="false"/>
            <RadioButton text="Consumable Request" selected="false"/>
            <RadioButton text="Stationary Request" selected="false"/>
            <RadioButton text="Waste Disposal Request" selected="false"/>
        </RadioButtonGroup>
    </VBox>
  <Label text="" />
    <VBox width="100%">
        <RadioButtonGroup
            id="radiobuttonformdata"
            columns="2"
            selectedIndex="-1"
            width="100%">
            <RadioButton text="Note Approval" selected="false" />
            <RadioButton text="Forum Approval" selected="false" />
        </RadioButtonGroup>
    </VBox>
    <VBox width="100%">
        <RadioButtonGroup id="radiobuttonBudgetformdata"
            select="onRadioSelectionNBRF"
            columns="2"
            width="100%">
            <RadioButton text="New Budget Request" selected="false"/>
            <RadioButton text="Additional Budget Request" selected="false"/>
        </RadioButtonGroup>
    </VBox>
    <Label text="Initiation" />
    <ComboBox id="Initiationcombo" items="{ path: 'SelectInitiationData>/results' }">
        <core:ListItem key="{SelectInitiationData>description}" text="{SelectInitiationData>description}" />
    </ComboBox>

</f:SimpleForm>
        </content>
        <beginButton>
            <Button text="Proceed" type="Emphasized" enabled="true" press="onproceedForm" id="nextButton"/>
        </beginButton>
        <endButton>
            <Button text="Close" type="Reject" enabled="true" press="onCloseDialog" />
        </endButton>
    </Dialog>
</core:FragmentDefinition>