<core:FragmentDefinition
    xmlns="sap.m"
    xmlns:core="sap.ui.core"
    xmlns:form="sap.ui.layout.form">
    <Dialog id="idEstimatedCostFragmentDialog" title="{i18n>titleEstimatedCostFragment}{idEstimatedCostFragmentModel>/mode}">
        <content>
            <form:SimpleForm id="idEstimatedCostForm" editable="true" layout="ColumnLayout">
                <Label id="idAmountLabel" text="{i18n>labelAmount}" />
                <Input id="idAmountInput" value="{idEstimatedCostFragmentModel>/data/amount}" type="Number" />
                <Label id="idRemarksLabelEst" text="{i18n>labelRemarks}" />
                <TextArea id="idRemarksTextAreaEst" value="{idEstimatedCostFragmentModel>/data/remarks}" />
            </form:SimpleForm>
        </content>
        <beginButton>
            <Button id="idSaveEstimatedCostButton" text="{i18n>btnSave}" press="onSaveEstimatedCostFragment" type="Emphasized" />
        </beginButton>
        <endButton>
            <Button id="idCancelEstimatedCostButton" text="{i18n>btnCancel}" press="onCancelEstimatedCostFragment" />
        </endButton>
    </Dialog>
</core:FragmentDefinition>