<core:FragmentDefinition
    xmlns="sap.m"
    xmlns:core="sap.ui.core"
    xmlns:form="sap.ui.layout.form">
    <Dialog id="idFinancialFragmentDialog" title="Financial Fragment" titleAlignment="Center">
        <content>
            <form:SimpleForm id="idFinancialForm" editable="true" >
                <Label id="idCapexLabel1" text="{i18n>labelCapex}" />
                <Input id="idCapexInput" value="{idFinancialFragmentModel>/data/capex}" type="Number" />
                <Label id="idRevenueLabel1" text="{i18n>labelRevenue}" />
                <Input id="idRevenueInput" value="{idFinancialFragmentModel>/data/revenue}" type="Number" />
                
            </form:SimpleForm>
        </content>
        <beginButton>
            <Button id="idSaveFinancialButton" text="{i18n>btnSave}" press="onSaveFinancialFragment" type="Emphasized" />
        </beginButton>
        <endButton>
            <Button id="idCancelFinancialButton" text="{i18n>btnCancel}" press="onCancelFinancialFragment" />
        </endButton>
    </Dialog>
</core:FragmentDefinition>