<core:FragmentDefinition xmlns="sap.m" xmlns:core="sap.ui.core">
    <Dialog   type="Message" contentWidth="35%" >
         
            <customHeader>
            <Toolbar>
                <ToolbarSpacer />
                <FlexBox direction="Row" alignItems="Start" justifyContent="Start">
                    <Label text="Remarks" class="remarksdatacss" required="true"  />
                </FlexBox>
                <ToolbarSpacer />
            </Toolbar>
        </customHeader>
        <content>
            <VBox>
            <TextArea placeholder="" value="{viewenableddatacheck>/remarkModel}"  width="95%" height="120px"/>
            </VBox>
        </content>
        <buttons>
            <Button text="Submit" type="Accept" press="onSubmitRemarksData"  visible="{viewenableddatacheck>/enableRowActions}"/>
          <Button text="Approve" type="Accept" press="onApprovedData" visible="{viewenableddatacheck>/approvebuttonvisiblity}"/>
            <Button text="Reject" type="Accept" press="onRejectdData" visible="{viewenableddatacheck>/rejectbuttonvisiblity}"/>     
             <!-- <Button text="Hold" type="Accept" press="onHoldData" visible="{viewenableddatacheck>/holdbuttonvisiblity}"/> -->
            <Button text="Cancel" type="Reject" press="onCloseRemarksFregment" />
        </buttons>
    </Dialog>
</core:FragmentDefinition>