<core:FragmentDefinition
    xmlns="sap.m"
    xmlns:core="sap.ui.core"
    xmlns:unified="sap.ui.unified">
    <Dialog id="costApprovalImportPartDetailsDialog" title="{i18n>importPartDetailsTitle}">
        <content>
            <VBox id="costApprovalImportPartDetailsVBox" class="sapUiSmallMargin">
                <!-- File Uploader -->
                <HBox>
    <Link text="Click here" press="onImportPress"/>
    <Text text=" to Download template" />
</HBox>
                <Text id="costApprovalImportPartDetailsChooseFileLabel" text="{i18n>chooseFileLabel}"/>
                <unified:FileUploader 
                    id="costApprovalImportPartDetailsFileUploader" 
                    placeholder="{i18n>chooseFilePlaceholder}" 
                    fileType="xlsx,csv" 
                    change="onFileSelected"
                    width="100%"
                    buttonText="{i18n>uploadButton}"/>
            </VBox>
        </content>
        <buttons>
            <Button id="costApprovalImportPartDetailsCloseButton" text="{i18n>closeButton}" press="onCloseDialog"/>
        </buttons>
    </Dialog>
</core:FragmentDefinition>