<core:FragmentDefinition
    xmlns="sap.m"
    xmlns:core="sap.ui.core"
    xmlns:form="sap.ui.layout.form">
    <Dialog id="idInvestmentFragmentDialog" title="{i18n>titleInvestmentFragment}{idInvestmentFragmentModel>/mode}">
        <content>
            <form:SimpleForm id="idInvestmentForm" editable="true" >
                <Label id="idDescriptionLabel" text="{i18n>labelDescription}" />
                <Input id="idDescriptionInput" value="{idInvestmentFragmentModel>/natureOfExpense}" />
                <Label id="idLevelLabelI" text="{i18n>labelLevel}" />
                <Input id="idLevelInputI" value="{idInvestmentFragmentModel>/level}" />
                <Label id="idCapexLabelI" text="{i18n>labelCapex}" />
                <Input id="idCapexInputI" value="{idInvestmentFragmentModel>/capex}" type="Number" />
                <Label id="idRevenueLabelI" text="{i18n>labelRevenue}" />
                <Input id="idRevenueInputI" value="{idInvestmentFragmentModel>/revenue}" type="Number" />
                <!-- <Label id="idTotalLabel" text="{i18n>labelTotal}" />
                <Input id="idTotalInput" value="{idInvestmentFragmentModel>/total}" type="Number" /> -->
                <Label id="idRemarksLabelI" text="{i18n>labelRemarks}" />
                <TextArea id="idRemarksTextAreaI" value="{idInvestmentFragmentModel>/remarks}" />
            </form:SimpleForm>
        </content>
        <!-- <beginButton>
            <Button id="idSaveInvestmentButton" text="{i18n>btnSave}" press="onSaveInvestmentFragment" type="Emphasized" />
        </beginButton>
        <endButton>
            <Button id="idCancelInvestmentButton" text="{i18n>btnCancel}" press="onCancelInvestmentFragment" />
        </endButton> -->
    </Dialog>
</core:FragmentDefinition>