<core:FragmentDefinition xmlns="sap.m" xmlns:core="sap.ui.core">
    <Dialog   type="Message" contentWidth="35%" >
         
            <customHeader>
            <Toolbar>
                <ToolbarSpacer/>
                <FlexBox direction="Row" alignItems="Start" justifyContent="Start">
                    <!-- <Text text="Remarks" class="remarksdatacss"  required="true" /> -->
                    <Label text="Remarks" class="remarksdatacss" required="true"  />
                </FlexBox>
                <ToolbarSpacer/>
            </Toolbar>
        </customHeader>

        <content>
            <VBox>
            
                <TextArea 
                    id="RemarkInput"
                    placeholder=""
                    liveChange="onRemarksChangeNBRF"
                    value="{viewenableddatacheck>/remarkModel}"
                    width="95%"
                    height="120px"
                     required="true"
                />
            </VBox>
        </content>
        <buttons>

        <!-- <Button text="Submit" type="Accept" press="onSubmitReamrksData"  visible="{viewenableddatacheck>/enableRowActions}"/> -->
        <Button id="submitremark" text="Submit" type="Accept" press="onSubmitReamrksData"  visible="{viewenableddatacheck>/enableRowActions}"/>
        
        <Button id="approverremark" text="Approve" type="Accept" press="onApprovedData" visible="false"/>
        <Button text="Approve" type="Accept" press="onApprovedData" visible="{viewenableddatacheck>/approvebuttonvisiblity}"/>
        <Button id="Rejectremark" text="Reject" type="Accept" press="onRejectData" visible="false"/>
        <Button text="Sent Back" type="Accept" press="onSendbackData" visible="{viewenableddatacheck>/sendbackbuttonvisiblity}"/>
        <Button text="Cancel" type="Reject" press="onCloseReamrksFrag" />

        </buttons>
    </Dialog>
</core:FragmentDefinition>
