<core:FragmentDefinition
    xmlns="sap.m"
    xmlns:mvc="sap.ui.core.mvc"
    xmlns:core="sap.ui.core"
    xmlns:f="sap.ui.layout.form"
>
    <Dialog
        id="wbsFormDialog1"
        title="{i18n>wbsFormTitle}"
        titleAlignment="Center"
        class="sapUiResponsivePadding bgtitle"
        contentWidth="55%"
        afterClose=".onResetWBSDialog"
    >
        <content>
            <f:SimpleForm
                id="wbsSimpleForm"
                editable="true"
                layout="ColumnLayout"
                columnsM="2"
                columnsL="3"
                columnsXL="6"
            >
                <!-- From WBS Code -->
                <Label text="{i18n>fromWbsCodeColumn}" required="true" />
               <Input
    id="inpFromWbsCode"
    value="{WbsformDataBinding>/fromWBSCode}"
    showSuggestion="true"
   >
    
</Input>



                <!-- From WBS Level -->
                <Label text="{i18n>fromWbsLevelColumn}" />
                <ComboBox
                    id="inpFromWbsLevel"
                    change="onComboBoxChange"
                    selectedKey="{WbsformDataBinding>/fromWBSLevel}"
                    items="{ path: 'FromWBSLevelModel>/results' }"
                >
                    <core:Item
                        key="{FromWBSLevelModel>description}"
                        text="{FromWBSLevelModel>description}" />
                </ComboBox>

                <!-- From WBS Location -->
                <Label text="{i18n>fromWbsLocationColumn}" />
                <ComboBox
                    id="inpFromWbsLoc"
                    change="onComboBoxChange"
                    selectedKey="{WbsformDataBinding>/fromWBSLoc}"
                    items="{ path: 'FromWBSLocModel>/results' }"
                >
                    <core:Item
                        key="{FromWBSLocModel>description}"
                        text="{FromWBSLocModel>description}" />
                </ComboBox>

                <!-- To WBS Code -->
                <Label text="{i18n>toWbsCodeColumn}" required="true" />
                <Input
                    id="inpToWbsCode"
                    value="{WbsformDataBinding>/toWBSCode}"
                >
                  
                </Input>

                <!-- To WBS Level -->
                <Label text="{i18n>toWbsLevelColumn}" />
                <ComboBox
                    id="inpToWbsLevel"
                    selectedKey="{WbsformDataBinding>/toWBSLevel}"
                    change="onComboBoxChange"
                    items="{ path: 'ToWBSLevelModel>/results' }"
                >
                    <core:Item
                        key="{ToWBSLevelModel>description}"
                        text="{ToWBSLevelModel>description}" />
                </ComboBox>

                <!-- To WBS Location -->
                <Label text="{i18n>toWbsLocationColumn}" />
                <ComboBox
                    id="inpToWbsLoc"
                    selectedKey="{WbsformDataBinding>/toWBSLoc}"
                    change="onComboBoxChange"
                    items="{ path: 'ToWBSLocModel>/results' }"
                >
                    <core:Item
                        key="{ToWBSLocModel>description}"
                        text="{ToWBSLocModel>description}" />
                </ComboBox>

                <!-- Capex NRT -->
                <Label text="{i18n>capexNrtColumn}" />
                <Input
                    id="inpCapexNrtWBS"   value="{WbsformDataBinding>/capexNRT}"
                   
                     type="Number"
                />

                <!-- Capex Landed -->
                <Label text="{i18n>capexLandedColumn}" />
                <Input
                    id="inpCapexLandedWBS"  value="{WbsformDataBinding>/capexLanded}"
                   
                     type="Number"
                />

                <!-- Revenue NRT -->
                <Label text="{i18n>revenueNrtColumn}" />
                <Input
                    id="inpRevenueNrtWBS"  value="{WbsformDataBinding>/revenueNRT}"
                  
                     type="Number"
                />

                <!-- Revenue Landed -->
                <Label text="{i18n>revenueLandedColumn}" />
                <Input
                    id="inpRevenueLandedWBS"   value="{WbsformDataBinding>/revenueLanded}"
                     type="Number"
                />

               
                <Label text="{i18n>totalNrtColumn}" />
                <!-- <Input
                    id="inpTotalNrtWBS"
                    value="{
                        path: 'WbsformDataBinding>/totalNrt',
                        type: 'sap.ui.model.type.Decimal',
                        constraints: { precision: 13, scale: 2 }
                    }"
                     type="Number"
                />

                
                <Label text="{i18n>totalLandedColumn}" />
                <Input
                    id="inpTotalLandedwbs"
                    value="{
                        path: 'WbsformDataBinding>/totalLanded',
                        type: 'sap.ui.model.type.Decimal',
                        constraints: { precision: 13, scale: 2 }
                    }"
                     type="Number"
                /> -->

                <!-- Remarks -->
                <Label text="{i18n>remarksColumn}" />
                <TextArea
                    id="inpRemarksWBS"
                    value="{WbsformDataBinding>/remarks}"
                    rows="2"
                    growing="true"
                    showExceededText="true"
                            maxLength="200"
                    width="100%"
                />
            </f:SimpleForm>
        </content>
        <beginButton>
            <Button
                id="btnCreate"
                text="{i18n>Create}"
                type="Accept"
                press=".onCreateWBSRow"
            />
        </beginButton>
        <endButton>
            <Button
                id="btnCancel"
                text="Cancel"
                press=".onCancelWBSForm"
                type="Reject"
            />
        </endButton>
    </Dialog>
</core:FragmentDefinition>