ID,userID,name,email,department,role
1001,5002152,Aman Anand,50010024@mahindra.com,SSFD,HOD
1002,50001254,SAJEEV ATHUL,50010024@mahindra.com,SSFD,HOD
1003,25022619,AHMED ALTHAF,50010024@mahindra.com,SSFD,HOD
1004,S05143,E DHARANIKA - MIBS,50010024@mahindra.com,SSFD,HOD
1005,50001536,S SEENUVASAN,50010024@mahindra.com,SSFD,HOD
1006,25007242,S MUTHUKUMAR,50010024@mahindra.com,SSFD,HOD
1007,50002151,PRIYATHAM TELAPROLU,50010024@mahindra.com,SSFD,HOD
1008,202678,GANGAN SWAPNIL,50010024@mahindra.com,SSFD,HOD
1009,203435,Shivam Shrivastav,50010024@mahindra.com,SSFD,GM PMO
1010,455543,Mohd Aakib,50010024@mahindra.com,SSFD,Accounts
1011,34324,Aman Anand,50010024@mahindra.com,SSFD,Sr VP FDPD
1012,4545,Aman Anand,50010024@mahindra.com,SSFD,CEO
1013,32432,Aman Anand,50010024@mahindra.com,SSFD,Final Accounts
1014,3242,Aman Anand,50010024@mahindra.com,SSFD,VP CDMM
1015,3243,Aman Anand,50010024@mahindra.com,SSFD,VP CME
1016,3244,Aman Anand,50010024@mahindra.com,SSFD,VP Finance
1017,3245,Aman Anand,50010024@mahindra.com,SSFD,FES CFO
1018,3246,Aman Anand,50010024@mahindra.com,SSFD,President
1019,3247,Aman Anand,50010024@mahindra.com,SSFD,AFS CFO
1020,3248,Aman Anand,50010024@mahindra.com,SSFD,ED
1021,3249,NIKAPR-CONT-NIKAM PRAVIN,50010024@mahindra.com,NBBudget,R1
1022,3250,PRUSPR-CONT-PRUSTY PRIYADARSHAN ,50010024@mahindra.com,NBBudget,R1
1023,3251,BONDSA-CONT-BONDE SANDIP ,50010024@mahindra.com,NBBudget,R1
1024,3249,NIKAPR-CONT-NIKAM PRAVIN,50010024@mahindra.com,NBBudget,R2
1025,4250,PRUSPR-CONT-PRUSTY PRIYADARSHAN ,50010024@mahindra.com,NBBudget,R2
1026,3254,Anil Mehta,50010024@mahindra.com,NBBudget,R2
1027,3249,NIKAPR-CONT-NIKAM PRAVIN,50010024@mahindra.com,NBBudget,R3
1028,5250,PRUSPR-CONT-PRUSTY PRIYADARSHAN ,50010024@mahindra.com,NBBudget,R3
1029,4251,BONDSA-CONT-BONDE SANDIP ,50010024@mahindra.com,NBBudget,R3
1030,23109754,Vikash,50010024@mahindra.com,ADPD,R1
1031,211451,Vikash,50010024@mahindra.com,ADPD,R1
1032,23062721,Vikash,50010024@mahindra.com,ADPD,R1
1033,23131177,Vikash,50010024@mahindra.com,ADPD,R1
1035,23061692,Vikash,50010024@mahindra.com,ADPD,R1
1038,23139896,Vikash,50010024@mahindra.com,ADPD,Approver
1039,201012,Vikash,50010024@mahindra.com,ADPD,Approver
1040,207094,Vikash,50010024@mahindra.com,ADPD,Approver
1042,25008201,Vikash,50010024@mahindra.com,ADPD,Approver
1043,208547,Vikash,50010024@mahindra.com,ADPD,Approver
1045,23066738,Vikash,50010024@mahindra.com,ADPD,Approver
1046,25021320,Vikash,50010024@mahindra.com,ADPD,Project Finance Member
1047,23105240,Vikash,50010024@mahindra.com,ADPD,Project Finance Member
1048,25016529,Vikash,50010024@mahindra.com,ADPD,Project Finance Member
1049,2034344,Shivam Shrivastav,50010026@mahindra.com,SSFD,GM PMO
1050,23444,Shivam,50010024@mahindra.com,ADPD,PFH
1051,5002152,Aman Anand,50010024@mahindra.com,ISR_FRS,HOD
1052,50001254,SAJEEV ATHUL,50010024@mahindra.com,ISR_FRS,HOD
1053,25022619,AHMED ALTHAF,50010024@mahindra.com,ISR_FRS,HOD
1054,S05143,E DHARANIKA - MIBS,50010024@mahindra.com,ISR_FRS,HOD
1055,50001536,S SEENUVASAN,50010024@mahindra.com,ISR_FRS,HOD
1056,25007242,S MUTHUKUMAR,50010024@mahindra.com,ISR_FRS,HOD
1057,50002151,PRIYATHAM TELAPROLU,50010024@mahindra.com,ISR_FRS,HOD
1058,5002152,Aman Anand,50010024@mahindra.com,ISR_FRS,Approver
1059,50001254,SAJEEV ATHUL,50010024@mahindra.com,ISR_FRS,Approver
1060,25022619,AHMED ALTHAF,50010024@mahindra.com,ISR_FRS,Approver
1061,S05143,E DHARANIKA - MIBS,50010024@mahindra.com,ISR_FRS,Approver
1062,50001536,S SEENUVASAN,50010024@mahindra.com,ISR_FRS,Approver
1063,25007242,S MUTHUKUMAR,50010024@mahindra.com,ISR_FRS,Approver
1064,50002151,PRIYATHAM TELAPROLU,50010024@mahindra.com,ISR_FRS,Approver
1065,5002152,Aman Anand,50010024@mahindra.com,ISR_CRS,HOD
1066,50001254,SAJEEV ATHUL,50010024@mahindra.com,ISR_CRS,HOD
1067,25022619,AHMED ALTHAF,50010024@mahindra.com,ISR_CRS,HOD
1068,S05143,E DHARANIKA - MIBS,50010024@mahindra.com,ISR_CRS,HOD
1069,50001536,S SEENUVASAN,50010024@mahindra.com,ISR_CRS,HOD
1070,25007242,S MUTHUKUMAR,50010024@mahindra.com,ISR_CRS,HOD
1071,50002151,PRIYATHAM TELAPROLU,50010024@mahindra.com,ISR_CRS,HOD
1072,5002152,Aman Anand,50010024@mahindra.com,ISR_CRS,Approver
1073,50001254,SAJEEV ATHUL,50010024@mahindra.com,ISR_CRS,Approver
1074,25022619,AHMED ALTHAF,50010024@mahindra.com,ISR_CRS,Approver
1075,S05143,E DHARANIKA - MIBS,50010024@mahindra.com,ISR_CRS,Approver
1076,50001536,S SEENUVASAN,50010024@mahindra.com,ISR_CRS,Approver
1077,25007242,S MUTHUKUMAR,50010024@mahindra.com,ISR_CRS,Approver
1078,50002151,PRIYATHAM TELAPROLU,50010024@mahindra.com,ISR_CRS,Approver
1079,5002152,Aman Anand,50010024@mahindra.com,ISR_SRS,HOD
1080,50001254,SAJEEV ATHUL,50010024@mahindra.com,ISR_SRS,HOD
1081,25022619,AHMED ALTHAF,50010024@mahindra.com,ISR_SRS,HOD
1082,S05143,E DHARANIKA - MIBS,50010024@mahindra.com,ISR_SRS,HOD
1083,50001536,S SEENUVASAN,50010024@mahindra.com,ISR_SRS,HOD
1084,25007242,S MUTHUKUMAR,50010024@mahindra.com,ISR_SRS,HOD
1085,50002151,PRIYATHAM TELAPROLU,50010024@mahindra.com,ISR_SRS,HOD
1086,5002152,Aman Anand,50010024@mahindra.com,ISR_SRS,Approver
1087,50001254,SAJEEV ATHUL,50010024@mahindra.com,ISR_SRS,Approver
1088,25022619,AHMED ALTHAF,50010024@mahindra.com,ISR_SRS,Approver
1089,S05143,E DHARANIKA - MIBS,50010024@mahindra.com,ISR_SRS,Approver
1090,50001536,S SEENUVASAN,50010024@mahindra.com,ISR_SRS,Approver
1091,25007242,S MUTHUKUMAR,50010024@mahindra.com,ISR_SRS,Approver
1092,50002151,PRIYATHAM TELAPROLU,50010024@mahindra.com,ISR_SRS,Approver
1093,5002152,Aman Anand,50010024@mahindra.com,ISR_WDRS,HOD
1094,50001254,SAJEEV ATHUL,50010024@mahindra.com,ISR_WDRS,HOD
1095,25022619,AHMED ALTHAF,50010024@mahindra.com,ISR_WDRS,HOD
1096,S05143,E DHARANIKA - MIBS,50010024@mahindra.com,ISR_WDRS,HOD
1097,50001536,S SEENUVASAN,50010024@mahindra.com,ISR_WDRS,HOD
1098,25007242,S MUTHUKUMAR,50010024@mahindra.com,ISR_WDRS,HOD
1099,50002151,PRIYATHAM TELAPROLU,50010024@mahindra.com,ISR_WDRS,HOD
1100,5002152,Aman Anand,50010024@mahindra.com,ISR_WDRS,Approver
1101,50001254,SAJEEV ATHUL,50010024@mahindra.com,ISR_WDRS,Approver
1102,25022619,AHMED ALTHAF,50010024@mahindra.com,ISR_WDRS,Approver
1103,S05143,E DHARANIKA - MIBS,50010024@mahindra.com,ISR_WDRS,Approver
1104,50001536,S SEENUVASAN,50010024@mahindra.com,ISR_WDRS,Approver
1105,25007242,S MUTHUKUMAR,50010024@mahindra.com,ISR_WDRS,Approver
1106,50002151,PRIYATHAM TELAPROLU,50010024@mahindra.com,ISR_WDRS,Approver
1107,50002152,NIKAPR-CONT-NIKAM PRAVIN,50010024@mahindra.com,NBBudget,R1
1108,50002153,PRUSPR-CONT-PRUSTY PRIYADARSHAN ,50010024@mahindra.com,NBBudget,R1
1109,50002154,BONDSA-CONT-BONDE SANDIP ,50010024@mahindra.com,NBBudget,R1
1110,50002155,NIKAPR-CONT-NIKAM PRAVIN,50010024@mahindra.com,NBBudget,R2
1111,50002156,PRUSPR-CONT-PRUSTY PRIYADARSHAN ,50010024@mahindra.com,NBBudget,R2
1112,50002157,BONDSA-CONT-BONDE SANDIP,50010024@mahindra.com,NBBudget,R2
1113,50002158,NIKAPR-CONT-NIKAM PRAVIN,50010024@mahindra.com,NBBudget,R3
1114,50002159,PRUSPR-CONT-PRUSTY PRIYADARSHAN ,50010024@mahindra.com,NBBudget,R3
1115,50002160,BONDSA-CONT-BONDE SANDIP ,50010024@mahindra.com,NBBudget,R3
1116,50002161,SHARMA ANKIT,50010024@mahindra.com,NBBudget,Asset Team
1117,50002162,KAPOOR NEHA,50010024@mahindra.com,NBBudget,Asset Team
1118,50002163,VERMA RAHUL,50010024@mahindra.com,NBBudget,Asset Team
1119,50002164,SINHA PRIYA,50010024@mahindra.com,NBBudget,Asset Team
1120,50002165,DESAI VIKRAM,50010024@mahindra.com,NBBudget,Asset Team
1121,50002166,Aarav Mehta,50010024@mahindra.com,NBBudget,Recommended1
1122,50002167,Diya Sharma,50010024@mahindra.com,NBBudget,Recommended2
1123,50002168,Viraj Patel,50010024@mahindra.com,NBBudget,Recommended3
1124,50002169,Anaya Desai,50010024@mahindra.com,NBBudget,Recommended4
1125,50002170,Rohan Iyer,50010024@mahindra.com,NBBudget,Recommended5
1126,50002171,Isha Nair,50010024@mahindra.com,NBBudget,Recommended6
1127,50002172,Yugal Patwal,50010024@mahindra.com,NBBudget,ApprovedBy
1128,KANIVV-CONT,KANIVENTHAN V,50010025@mahindra.com,ISR,Initiator
1129,50001254,SAJEEV ATHUL,50010025@mahindra.com,ISR,Initiator
1130,S05143,E DHARANIKA,50010025@mahindra.com,ISR,Initiator
1131,REVKU-CONT,KUMAR REVANTH,50010025@mahindra.com,ISR,Initiator
1132,60002161,SHARMA ANKIT,50010024@mahindra.com,NBBudget,Corporate Team
1133,60002162,KAPOOR NEHA,50010024@mahindra.com,NBBudget,Corporate Team
1134,60002163,VERMA RAHUL,50010024@mahindra.com,NBBudget,Corporate Team
1135,60002164,SINHA PRIYA,50010024@mahindra.com,NBBudget,Corporate Team
1136,60002165,DESAI VIKRAM,50010024@mahindra.com,NBBudget,Corporate Team
 
11071,50002159,SURAJ MISHRA,50010024@mahindra.com,CA,PVE-LEAD
11081,500021519,SURAJ MISHRA,50010024@mahindra.com,CA,PVE-HEAD
11111,500021519,SURAJ MISHRA,50010024@mahindra.com,CA,CDMM-PUL
11091,500021519,SURAJ MISHRA,50010024@mahindra.com,CA,CDMM-HEAD
11101,500021519,SURAJ MISHRA,50010024@mahindra.com,CA,FDPD-HEAD
11121,500021519,SURAJ MISHRA,50010024@mahindra.com,CA,FINANCE & ACCOUNTS-PUL
11131,500021519,SURAJ MISHRA,50010024@mahindra.com,CA,FINANCE & ACCOUNTS-HEAD
11141,500021519,SURAJ MISHRA,50010024@mahindra.com,CA,VP-FINANCE & ACCOUNTS
11191,500021519,SURAJ MISHRA,50010024@mahindra.com,CA,Customer Care-PUL
11151,500021519,SURAJ MISHRA,50010024@mahindra.com,CA,QA-PUL
11161,500021519,SURAJ MISHRA,50010024@mahindra.com,CA,FDQA-HEAD
11171,500021519,SURAJ MISHRA,50010024@mahindra.com,CA,Customer Care-HEAD
11181,500021519,SURAJ MISHRA,50010024@mahindra.com,CA,MFG-HEAD
6030,324844,Aman Anand,50010024@mahindra.com,ADPD,FIN
6031,324844,Aman Anand,50010024@mahindra.com,ADPD,PFH
6032,324844,Aman Anand,50010024@mahindra.com,ADPD,CPH
6033,324844,Aman Anand,50010024@mahindra.com,ADPD,PPM
6034,324844,Aman Anand,50010024@mahindra.com,ADPD,FA
6035,324844,Aman Anand,50010024@mahindra.com,ADPD,FA
6036,324844,Aman Anand,50010024@mahindra.com,ADPD,FA
6037,324844,Aman Anand,50010024@mahindra.com,ADPD,Recommended
6038,324844,Aman Anand,50010024@mahindra.com,ADPD,Recommended
6039,324844,Aman Anand,50010024@mahindra.com,ADPD,R
6040,324844,Aman Anand,50010024@mahindra.com,ADPD,CPE
6041,324844,Aman Anand,50010024@mahindra.com,ADPD,Head
6042,324844,Aman Anand,50010024@mahindra.com,ADPD,President
6043,324844,Aman Anand,50010024@mahindra.com,ADPD,FinalApprover1
6044,324844,Aman Anand,50010024@mahindra.com,ADPD,FinalApprover2
6045,324844,Aman Anand,50010024@mahindra.com,ADPD,FinalApprover3
6046,324844,Aman Anand,50010024@mahindra.com,ADPD,CFO
6047,324844,Aman Anand,50010024@mahindra.com,ADPD,AM
6048,324844,Aman Anand,50010024@mahindra.com,ADPD,CPE
6049,324844,Aman Anand,50010024@mahindra.com,ADPD,ED
6050,324844,Aman Anand,50010024@mahindra.com,ADPD,SrGM
6051,324844,Aman Anand,50010024@mahindra.com,ADPD,SrVP
7116,50002161,SHARMA ANKIT,50010024@mahindra.com,EXPENSEAP,Manager
7117,50002162,KAPOOR NEHA,50010024@mahindra.com,EXPENSEAP,Manager
7118,50002163,VERMA RAHUL,50010024@mahindra.com,EXPENSEAP,Manager
7119,50002164,SINHA PRIYA,50010024@mahindra.com,EXPENSEAP,Manager
7120,50002165,DESAI VIKRAM,50010024@mahindra.com,EXPENSEAP,Manager

