ID,department,partNo,partDesc,binNo,price,UOM
1,SRS,FSSTAT0149,Supreme - Stamp Pad Medium,196,19,PC
2,SRS,FSSTAT0150,Kangaroo - Stapler - HD-10D,197,69,PC
3,SRS,FSSTAT0151,Kangaroo - Stapler - HP - 45,198,200.9,PC
4,SRS,FSSTAT0152,Kangaroo - Stapler - No. 10,199,43,PC
5,SRS,FSSTAT0153,Kangaroo - Stapler Pins - 23/17,200,43,PC
6,SRS,FSSTAT0154,Kangaroo - Stapler Pins - 24/6 box,201,280,PC
7,SRS,FSSTAT0155,Kangaroo - Stapler Pins - No.10 box,202,120,PC
8,SRS,FSSTAT0157,Stic Folder,203,8,PC
9,SRS,FSSTAT0158,Stickies-Yellow,Size 2 x 3",100 S/pk,204,12,PAC
10,SRS,FSSTAT0161,Stickies-Yellow,Size 3x4",100 S/pk,205,27,PAC
11,SRS,FSSTAT0162,Swing Grip File - Worldone,206,20,PC
12,SRS,FSSTAT0166,ABRO-Transparent BOPP Tape, 24 MM-1"x60M,207,13,PC
13,SRS,FSSTAT0167,ABRO-Transparent BOPP Tape, 48 MM-2"x60M,208,27,PC
14,SRS,FSSTAT0168,ABRO-Transparent BOPP Tape-72 MM-3" x60M,209,40,PC
15,SRS,FSSTAT0172,Visiting Card Holder - 250 Cards,210,45,PC
16,SRS,FSSTAT0173,Visiting Card Holder - 500 Cards,211,78,PC
17,SRS,FSSTAT0174,White Board Duster Non-Magnetic - Ikon,212,18,PC
18,SRS,FSSTAT0178,Writing Pad A/4 Big 40 Pages,213,19.75,PC
19,SRS,FSSTAT0179,Writing Pad A/5 Small 40 Pages,214,10.5,PC
20,SRS,FSSTAT0180,Writing Pad B/5 Medium 40 Pages,215,13,PC
21,SRS,FSSTAT0085,L Folder-FC Transparent 20 pcs/pk, P.P,158,147,PAC
22,SRS,FSSTAT0086,L/M  FOLDER FILE A/4,159,5.9,PC
23,SRS,FSSTAT0087,L/M FOLDER F/S,160,7.5,PC
24,SRS,FSSTAT0089,JK - LEGAL PAPER 80GSM/GREEN,161,299,PAC
25,SRS,FSSTAT0093,NORMAL BOX FILE,162,57,PC
26,SRS,FSSTAT0094,NOTE BOOK 100 PGS - Classmate/Hans,163,15,PC
27,SRS,FSSTAT0097,Dabur Nylon Rubber Bands, 500gms 1"2"&4",164,165,PC
28,SRS,FSSTAT0105,Plastic Folder L Type - Neeraj,165,5.9,PC
29,SRS,FSSTAT0107,Plotter paper roll 24"x61cmx50M-90GSM-2",166,430,PC
30,SRS,FSSTAT0108,Plotter paper roll 24"x61cmx50M 90GSM-3",167,430,PC
31,SRS,FSSTAT0109,Plotter paper roll 36"x91cmx50M-90GSM-2",168,599,PC
32,SRS,FSSTAT0110,Plotter paper roll 36"x91cmx50M-90GSM-3",169,599,PC
33,SRS,FSSTAT0111,Plotter Paper roll A2 size, 2"Core-90GSM,170,375,PC
34,SRS,FSSTAT0112,Plotter Paper roll A2size-3" Core-90 GSM,171,375,PC
35,SRS,FSSTAT0113,PUNCH FOLDER A/4,172,3.57,PC
36,SRS,FSSTAT0114,PUNCH FOLDER F/S Thick,173,1.78,PC
37,SRS,FSSTAT0115,Punching Machine DP-280 - Kangaroo,174,79,PC
38,SRS,FSSTAT0119,Punching machine DP-600 - Kangaroo,175,128,PC
39,SRS,FSSTAT0121,Push/Board Pin,176,10,PC
40,SRS,FSSTAT0122,PVC File Divider,Index 1-15,15/Set-SPS,177,45,PC
41,SRS,FSSTAT0123,PVC File Dividers-150x230mm-12/Set-SPS,178,36,PC
42,SRS,FSSTAT0124,PVC File Divider,Index A-Z,A4-18/Set-SPS,179,75,PC
43,SRS,FSSTAT0125,ABI-PVC Lamin BoxFile F/S-3"Kangaro Clip,180,75,PC
44,SRS,FSSTAT0126,ABI-PVC Lamin Box File,F/S-JMD 3"-Clip,181,68,PC
45,SRS,FSSTAT0127,Register 192 Pages,182,49,PC
46,SRS,FSSTAT0128,Register 360 Pages,183,80.5,PC
47,SRS,FSSTAT0129,Register 96 Pages,184,29.9,PC
48,SRS,FSSTAT0130,RING FILE 1' SPECIAL - Worldone,185,79.9,PC
49,SRS,FSSTAT0132,Camlin - Scale 30cm, Plastic,186,9,PC
50,SRS,FSSTAT0133,Ajanta - Scale, 12 inch, Stainless Steel,187,22,PC
51,SRS,FSSTAT0134,Scissor Big - 178MM,188,45,PC
52,SRS,FSSTAT0135,Scissor Medium - 132MM,189,28,PC
53,SRS,FSSTAT0139,Sharpener - Luxor,190,2,PC
54,SRS,FSSTAT0140,Sheet Protectors, Pre-punched, Size-A4,191,1.3,PC
55,SRS,FSSTAT0141,SIGN HIRE STICKERS - Aeromax,192,25,PC
56,SRS,FSSTAT0142,Sketch Pen Assorted - Luxor,193,2,PC
57,SRS,FSSTAT0147,Supreme - Stamp Pad Big/Large,194,42,PC
58,SRS,FSSTAT0148,Supreme - Stamp Pad Ink, 25 ml,195,14,PC
59,CRS,PART4,DESC4,BIN4,30,KG
60,CRS,TEST,1324GFDGFD PART&DESCRIPTION1,TEST-1,756.85,KG
61,SRS,PART3,SDESC3,BIN3,30,KG
62,SRS,PART4,SRSDESC4,BIN4,40,KG
63,SRS,PART5,SDESC5,BIN5,49999.99,KG
64,CRS,PART5,DESC5,BIN5,1000,KG
65,CRS,PART6,DESC6,BIN6,1000,KG
66,CRS,PART7,DESC7,BIN7,1000,KG
67,CRS,PART8,DESC8,BIN8,1000,KG
68,CRS,PART9,DESC9,BIN9,1000,KG
69,CRS,PART10,DESC10,BIN10,1000,KG
70,CRS,PART11,DESC11,BIN11,1000,KG
71,CRS,PART12,DESC12,BIN12,1000,KG
72,CRS,PART13,DESC13,BIN13,1000,KG
73,CRS,PART14,DESC14,BIN14,1000,KG
74,CRS,PART15,DESC15,BIN15,1000,KG
75,CRS,PART16,DESC16,BIN16,18.08,KG
76,CRS,PART17,DESC17,BIN17,1000,KG
77,CRS,PART18,DESC18,BIN18,1000,KG
78,CRS,PART19,PART19,BIN19,1000,KG
79,CRS,PART20,PART20,BIN20,1000,KG
80,CRS,PART21,DESC21,BIN21,1000,KG
81,CRS,PART22,DESC22,BIN22,1000,KG
82,CRS,PART23,DESC23,BIN23,1000,KG
83,CRS,PART24,DESC24,BIN24,1000,KG
84,CRS,PART25,DESC25,BIN25,1000,KG
85,CRS,PART26,DESC26,BIN26,1000,KG
86,CRS,PART27,DESC27,BIN27,1000,KG
87,CRS,PART28,DESC28,BIN28,1000,KG
88,CRS,PART29,DESC29,BIN29,1000,KG
89,CRS,PART30,DESC30,BIN30,1000,KG
90,CRS,PART31,DESC31,BIN31,1000,KG
91,CRS,PART32,DESC32,BIN32,1000,KG
92,CRS,PART33,DESC33,BIN33,1000,KG
93,CRS,PART34,DESC34,BIN34,1000,KG
94,CRS,PART35,DESC35,BIN35,1000,KG
95,CRS,PART36,DESC36,BIN36,1000,KG
96,CRS,PART37,DESC37,BIN37,1000,KG
97,CRS,PART38,DESC38,BIN38,1000,KG
98,CRS,PART39,DESC39,BIN39,1000,KG
99,CRS,PART40,DESC40,BIN40,1000,KG
100,CRS,PART41,DESC41,BIN41,1000,KG
101,CRS,PART42,DESC42,BIN42,1000,KG
102,CRS,PART43,DESC43,BIN43,1000,KG
103,CRS,PART44,DESC44,BIN44,1000,KG
104,CRS,PART45,DESC45,BIN45,1000,KG
105,CRS,PART46,DESC46,BIN46,1000,KG
106,CRS,PART47,DESC47,BIN47,1000,KG
107,CRS,PART48,DESC48,BIN48,1000,KG
108,CRS,PART49,DESC49,BIN49,1000,KG
109,CRS,PART50,DESC50,BIN50,1000,KG
110,CRS,PART51,DESC51,BIN51,1000,KG
111,CRS,PART52,DESC52,BIN52,1000,KG
112,CRS,PART53,DESC53,BIN53,1000,KG
113,CRS,PART54,DESC54,BIN54,1000,KG
114,CRS,PART55,DESC55,BIN55,1000,KG
115,CRS,PART56,DESC56,BIN56,1000,KG
116,CRS,PART57,DESC57,BIN57,1000,KG
117,CRS,PART58,DESC58,BIN58,1000,KG
118,CRS,PART59,DESC59,BIN59,1000,KG
119,CRS,PART60,DESC60,BIN60,1000,KG
120,CRS,PART61,DESC61,BIN61,1000,KG
121,CRS,PART62,DESC62,BIN62,1000,KG
122,CRS,PART63,DESC63,BIN63,1000,KG
123,CRS,PART64,DESC64,BIN64,1000,KG
124,CRS,PART65,DESC65,BIN65,1000,KG
125,CRS,PART66,DESC66,BIN66,1000,KG
126,CRS,PART67,DESC67,BIN67,1000,KG
127,CRS,PART68,DESC68,BIN68,1000,KG
128,CRS,PART69,DESC69,BIN69,1000,KG
129,CRS,PART70,DESC70,BIN70,1000,KG
130,CRS,PART71,DESC71,BIN71,1000,KG
131,CRS,PART72,DESC72,BIN72,1000,KG
132,CRS,PART73,DESC73,BIN73,1000,KG
133,CRS,PART74,DESC74,BIN74,1000,KG
134,CRS,PART75,DESC75,BIN75,1000,KG
135,CRS,PART76,DESC76,BIN76,1000,KG
136,CRS,PART77,DESC77,BIN77,1000,KG
137,CRS,PART78,DESC78,BIN78,1000,KG
138,CRS,PART79,DESC79,BIN79,1000,KG
139,CRS,PART80,DESC80,BIN80,1000,KG
140,CRS,PART81,DESC81,BIN81,1000,KG
141,CRS,PART82,DESC82,BIN82,1000,KG
142,CRS,PART83,DESC83,BIN83,1000,KG
143,CRS,PART84,DESC84,BIN84,1000,KG
144,CRS,PART85,DESC85,BIN85,1000,KG
145,CRS,PART86,DESC86,BIN86,1000,KG
146,CRS,PART87,DESC87,BIN87,1000,KG
147,CRS,PART88,DESC88,BIN88,1000,KG
148,CRS,PART89,DESC89,BIN89,1000,KG
149,CRS,PART90,DESC90,BIN90,1000,KG
150,CRS,PART91,DESC91,BIN91,1000,KG
151,CRS,PART92,DESC92,BIN92,1000,KG
152,CRS,PART93,DESC93,BIN93,1000,KG
153,CRS,PART94,DESC94,BIN94,1000,KG
154,CRS,PART95,DESC95,BIN95,1000,KG
155,CRS,PART96,DESC96,BIN96,1000,KG
156,CRS,PART97,DESC97,BIN97,1000,KG
157,CRS,PART98,DESC98,BIN98,1000,KG
158,CRS,PART99,DESC99,BIN99,1000,KG
159,CRS,PART100,DESC100,BIN100,1000,KG
160,CRS,PART101,DESC101,BIN101,1000,KG
161,CRS,PART102,DESC102,BIN102,1000,KG
162,CRS,PART103,DESC103,BIN103,1000,KG
163,CRS,PART104,DESC104,BIN104,1000,KG
164,CRS,PART105,DESC105,BIN105,1000,KG
165,CRS,PART106,DESC106,BIN106,1000,KG
166,CRS,PART107,DESC107,BIN107,1000,KG
167,CRS,PART108,DESC108,BIN108,1000,KG
168,CRS,PART109,DESC109,BIN109,1000,KG
169,SRS,PART4,SRSDESC4,BIN4,1000,KG
170,SRS,PART5,SRSDESC5,BIN5,1000,KG
171,SRS,PART6,SRSDESC6,BIN6,1000,KG
172,SRS,PART7,SRSDESC7,BIN7,1000,KG
173,SRS,PART8,SRSDESC8,BIN8,1000,KG
174,SRS,PART9,SRSDESC9,BIN9,1000,KG
175,SRS,PART10,SRSDESC10,BIN10,1000,KG
176,SRS,PART11,SRSDESC11,BIN11,1000,KG
177,SRS,PART12,SRSDESC12,BIN12,1000,KG
178,SRS,PART13,SRSDESC13,BIN13,1000,KG
179,SRS,PART14,SRSDESC14,BIN14,1000,KG
180,SRS,PART15,SRSDESC15,BIN15,1000,KG
181,SRS,PART16,SRSDESC16,BIN16,1000,KG
182,SRS,PART17,SRSDESC17,BIN17,1000,KG
183,SRS,PART18,SRSDESC18,BIN18,1000,KG
184,SRS,PART19,SRSDESC19,BIN19,1000,KG
185,SRS,PART20,SRSDESC20,BIN20,1000,KG
186,SRS,PART21,SRSDESC21,BIN21,1000,KG
187,SRS,PART22,SRSDESC22,BIN22,1000,KG
188,SRS,PART23,SRSDESC23,BIN23,1000,KG
189,SRS,PART24,SRSDESC24,BIN24,1000,KG
190,SRS,PART25,SRSDESC25,BIN25,1000,KG
191,SRS,PART26,SRSDESC26,BIN26,1000,KG
192,SRS,PART27,SRSDESC27,BIN27,1000,KG
193,SRS,PART28,SRSDESC28,BIN28,1000,KG
194,SRS,PART29,SRSDESC29,BIN29,1000,KG
195,SRS,PART30,SRSDESC30,BIN30,1000,KG
196,SRS,PART31,SRSDESC31,BIN31,1000,KG
197,SRS,PART32,SRSDESC32,BIN32,1000,KG
198,SRS,PART33,SRSDESC33,BIN33,1000,KG
199,SRS,PART34,SRSDESC34,BIN34,1000,KG
200,SRS,PART35,SRSDESC35,BIN35,1000,KG
201,SRS,PART36,SRSDESC36,BIN36,1000,KG
202,SRS,PART37,SRSDESC37,BIN37,1000,KG
203,SRS,PART38,SRSDESC38,BIN38,1000,KG
204,SRS,PART39,SRSDESC39,BIN39,1000,KG
205,SRS,PART40,SRSDESC40,BIN40,1000,KG
206,SRS,PART41,SRSDESC41,BIN41,1000,KG
207,SRS,PART42,SRSDESC42,BIN42,1000,KG
208,SRS,PART43,SRSDESC43,BIN43,1000,KG
209,SRS,PART44,SRSDESC44,BIN44,1000,KG
210,SRS,PART45,SRSDESC45,BIN45,1000,KG
211,SRS,PART46,SRSDESC46,BIN46,1000,KG
212,SRS,PART47,SRSDESC47,BIN47,1000,KG
213,SRS,PART48,SRSDESC48,BIN48,1000,KG
214,SRS,PART49,SRSDESC49,BIN49,1000,KG
215,SRS,PART50,SRSDESC50,BIN50,1000,KG
216,SRS,PART51,SRSDESC51,BIN51,1000,KG
217,SRS,PART52,SRSDESC52,BIN52,1000,KG
218,SRS,PART53,SRSDESC53,BIN53,1000,KG
219,SRS,PART54,SRSDESC54,BIN54,1000,KG
220,SRS,PART55,SRSDESC55,BIN55,1000,KG
221,SRS,PART56,SRSDESC56,BIN56,1000,KG
222,SRS,PART57,SRSDESC57,BIN57,1000,KG
223,SRS,PART58,SRSDESC58,BIN58,1000,KG
224,SRS,PART59,SRSDESC59,BIN59,1000,KG
225,SRS,PART60,SRSDESC60,BIN60,1000,KG
226,SRS,PART61,SRSDESC61,BIN61,1000,KG
227,SRS,PART62,SRSDESC62,BIN62,1000,KG
228,SRS,PART63,SRSDESC63,BIN63,1000,KG
229,SRS,PART64,SRSDESC64,BIN64,1000,KG
230,SRS,PART65,SRSDESC65,BIN65,1000,KG
231,SRS,PART66,SRSDESC66,BIN66,1000,KG
232,SRS,PART67,SRSDESC67,BIN67,1000,KG
233,SRS,PART68,SRSDESC68,BIN68,1000,KG
234,SRS,PART69,SRSDESC69,BIN69,1000,KG
235,SRS,PART70,SRSDESC70,BIN70,1000,KG
236,SRS,PART71,SRSDESC71,BIN71,1000,KG
237,SRS,PART72,SRSDESC72,BIN72,1000,KG
238,SRS,PART73,SRSDESC73,BIN73,1000,KG
239,SRS,PART74,SRSDESC74,BIN74,1000,KG
240,SRS,PART75,SRSDESC75,BIN75,1000,KG
241,SRS,PART76,SRSDESC76,BIN76,1000,KG
242,SRS,PART77,SRSDESC77,BIN77,1000,KG
243,SRS,PART78,SRSDESC78,BIN78,1000,KG
244,SRS,PART79,SRSDESC79,BIN79,1000,KG
245,SRS,PART80,SRSDESC80,BIN80,1000,KG
246,SRS,PART81,SRSDESC81,BIN81,1000,KG
247,SRS,PART82,SRSDESC82,BIN82,1000,KG
248,SRS,PART83,SRSDESC83,BIN83,1000,KG
249,SRS,PART84,SRSDESC84,BIN84,1000,KG
250,SRS,PART85,SRSDESC85,BIN85,1000,KG
251,SRS,PART86,SRSDESC86,BIN86,1000,KG
252,SRS,PART87,SRSDESC87,BIN87,1000,KG
253,SRS,PART88,SRSDESC88,BIN88,1000,KG
254,SRS,PART89,SRSDESC89,BIN89,1000,KG
255,SRS,PART90,SRSDESC90,BIN90,1000,KG
256,SRS,PART91,SRSDESC91,BIN91,1000,KG
257,SRS,PART92,SRSDESC92,BIN92,1000,KG
258,SRS,PART93,SRSDESC93,BIN93,1000,KG
259,SRS,PART94,SRSDESC94,BIN94,1000,KG
260,SRS,PART95,SRSDESC95,BIN95,1000,KG
261,SRS,PART96,SRSDESC96,BIN96,1000,KG
262,SRS,PART97,SRSDESC97,BIN97,1000,KG
263,SRS,PART98,SRSDESC98,BIN98,1000,KG
264,SRS,PART99,SRSDESC99,BIN99,1000,KG
265,SRS,PART100,SRSDESC100,BIN100,1000,KG
266,SRS,PART101,SRSDESC101,BIN101,1000,KG
267,SRS,PART102,SRSDESC102,BIN102,1000,KG
268,SRS,PART103,SRSDESC103,BIN103,1000,KG
269,SRS,PART104,SRSDESC104,BIN104,1000,KG
270,SRS,PART105,SRSDESC105,BIN105,1000,KG
271,SRS,PART106,SRSDESC106,BIN106,1000,KG
272,SRS,PART107,SRSDESC107,BIN107,1000,KG
273,SRS,PART108,SRSDESC108,BIN108,1000,KG
274,SRS,PART109,SRSDESC109,BIN109,1000,KG
275,SRS,PART110,SRSDESC110,BIN110,1000,KG
276,WDRS,PART51,WDESC51,BIN51,2000,KG
277,WDRS,PART52,WDESC52,BIN52,2000,KG
278,WDRS,PART53,WDESC53,BIN53,2000,KG
279,WDRS,PART54,WDESC54,BIN54,2000,KG
280,WDRS,PART55,WDESC55,BIN55,2000,KG
281,WDRS,PART56,WDESC56,BIN56,2000,KG
282,WDRS,PART57,WDESC57,BIN57,2000,KG
283,WDRS,PART58,WDESC58,BIN58,2000,KG
284,WDRS,PART59,WDESC59,BIN59,2000,KG
285,WDRS,PART60,WDESC60,BIN60,2000,KG
286,WDRS,PART61,WDESC61,BIN61,2000,KG
287,WDRS,PART62,WDESC62,BIN62,2000,KG
288,WDRS,PART63,WDESC63,BIN63,2000,KG
289,WDRS,PART64,WDESC64,BIN64,2000,KG
290,WDRS,PART65,WDESC65,BIN65,2000,KG
291,WDRS,PART66,WDESC66,BIN66,2000,KG
292,WDRS,PART67,WDESC67,BIN67,2000,KG
293,WDRS,PART68,WDESC68,BIN68,2000,KG
294,WDRS,PART69,WDESC69,BIN69,2000,KG
295,WDRS,PART70,WDESC70,BIN70,2000,KG
296,WDRS,PART71,WDESC71,BIN71,2000,KG
297,WDRS,PART72,WDESC72,BIN72,2000,KG
298,WDRS,PART73,WDESC73,BIN73,2000,KG
299,WDRS,PART74,WDESC74,BIN74,2000,KG
300,WDRS,PART75,WDESC75,BIN75,2000,KG
301,WDRS,PART76,WDESC76,BIN76,2000,KG
302,WDRS,PART77,WDESC77,BIN77,2000,KG
303,WDRS,PART78,WDESC78,BIN78,2000,KG
304,WDRS,PART79,WDESC79,BIN79,2000,KG
305,WDRS,PART80,WDESC80,BIN80,2000,KG
306,WDRS,PART81,WDESC81,BIN81,2000,KG
307,WDRS,PART82,WDESC82,BIN82,2000,KG
308,WDRS,PART83,WDESC83,BIN83,2000,KG
309,WDRS,PART84,WDESC84,BIN84,2000,KG
310,WDRS,PART85,WDESC85,BIN85,2000,KG
311,WDRS,PART86,WDESC86,BIN86,2000,KG
312,WDRS,PART87,WDESC87,BIN87,2000,KG
313,WDRS,PART88,WDESC88,BIN88,2000,KG
314,WDRS,PART89,WDESC89,BIN89,2000,KG
315,WDRS,PART90,WDESC90,BIN90,2000,KG
316,WDRS,PART91,WDESC91,BIN91,2000,KG
317,WDRS,PART92,WDESC92,BIN92,2000,KG
318,WDRS,PART93,WDESC93,BIN93,2000,KG
319,WDRS,PART94,WDESC94,BIN94,2000,KG
320,WDRS,PART95,WDESC95,BIN95,2000,KG
321,WDRS,PART96,WDESC96,BIN96,2000,KG
322,WDRS,PART97,WDESC97,BIN97,2000,KG
323,WDRS,PART98,WDESC98,BIN98,2000,KG
324,WDRS,PART99,WDESC99,BIN99,2000,KG
325,WDRS,PART100,WDESC100,BIN100,2000,KG
326,WDRS,PART101,WDESC101,BIN101,2000,KG
327,WDRS,PART102,WDESC102,BIN102,2000,KG
328,WDRS,PART103,WDESC103,BIN103,2000,KG
329,WDRS,PART104,WDESC104,BIN104,2000,KG
330,WDRS,PART105,WDESC105,BIN105,2000,KG
331,WDRS,PART106,WDESC106,BIN106,2000,KG
332,WDRS,PART107,WDESC107,BIN107,2000,KG
333,WDRS,PART108,WDESC108,BIN108,2000,KG
334,WDRS,PART109,WDESC109,BIN109,2000,KG
335,WDRS,PART110,WDESC110,BIN110,2000,KG
336,WDRS,PART111,WDESC111,BIN111,2000,KG
337,CRS,100300100MR,INSULATION TAPE - RED,1,8.5,EA
338,CRS,100300103MR,INSULATION TAPE - GREEN,2,8.5,EA
339,CRS,100300101MR,INSULATION TAPE - BLUE,3,8.5,EA
340,CRS,0610125,INSULATION TAPE - BLACK,4,8.5,EA
341,CRS,100300102MR,INSULATION TAPE - YELLOW,5,8.5,EA
342,CRS,5900424,MEASURING TAPE - 5 Mtr,6,110,EA
343,CRS,100300105MR,MEASURING TAPE - 30 Mtr,7,210,EA
344,CRS,100300244MR,Araldite - Standard Epoxy Adhesive – 180g,8,255,EA
345,CRS,IF1302020002,PAINT BRUSH 1/2",9,33,EA
346,CRS,4701003,BRUSH PAINT 1",10,60,EA
347,CRS,TPB0000003,PAINT BRUSH 2",11,126,EA
348,CRS,4701001,BRUSH PAINT 3",12,180,EA
349,CRS,4205214,RUSTLICK 631,13,170,EA
350,CRS,UN101W0503,Welding glass white,14,17,EA
351,CRS,IF0513000004,HACKSAW BLADE FRAME 12" LENGTH,15,37,EA
352,CRS,PN04300219,ANABOND 202,16,90,EA
353,CRS,UN21000301,Cable tie - 100 mm,17,18.08,EA
354,CRS,UN21000303,Cable tie - 300mm,18,70,EA
355,CRS,NS37017261,ALUMINIUM PAINT 1LITR,19,174.6,EA
356,CRS,PN04190425,GREEN PAINT,20,237,EA
357,CRS,S22007000012,PAINT - WHITE 1 LTR,21,240,EA
358,CRS,CPT0100104,PAINT - RED COLOR,22,261,EA
359,CRS,X16008000046,DOUBLE SIDED TAPE 1'',23,20,EA
360,CRS,VG40/006,PAINT BLACK 1 LTR CAN,24,237,EA
361,CRS,4201003,PAINT - ORANGE COLOR 1 LTR,25,261,EA
362,CRS,S22007000002,PAINT - BLUE COLOR,26,240,EA
363,CRS,PN04190131,PAINT - YELLOW,27,260,EA
364,CRS,100300106MR,N.C.THINNER - SHEENLAC (1 Ltr),28,120,EA
365,CRS,100300406MR,Bearing solvent Clean spray (Z939) 700ml,29,916.43,EA
366,CRS,100300405MR,Stanvac Tough Clean spray (Z914)-700ml,30,1021.96,EA
367,CRS,100300407MR,Metal Putty (Z730) - 284grm,31,2444.83,EA
368,CRS,100300317MR,Health facit gun with hose,32,690,EA
369,CRS,100300669MR,EWC FLUSH VALVE - 32mm DIA (JAGUAR),33,2671,EA
370,CRS,100301016MR,EWC FLUSH VALVE – 40mm DIA (JAGUAR),34,2865,EA
371,CRS,100300668MR,BOTTLE TRAP - 32mm DIA (JAGUAR),35,1326,EA
372,CRS,100300245MR,Paint spray – RAL 5008,36,119,EA
373,CRS,100300671MR,CONNECTION HOSE - 1/2" (PARRYWARE),37,84,EA
374,CRS,100300318MR,Auto tap Model - T 518 Fully automatic,38,7900,EA
375,CRS,100301053MR,NITIRLE GLOVES,39,55,EA
376,CRS,100300418MR,Leather Gloves,40,100,PAIR
377,CRS,PICON2043,SAFETY GOOGLE,41,50.68,EA
378,CRS,100300409MR,MS Welding Rod 2.5 dia X 350 6013,42,725,PACK
379,CRS,100300408MR,MS Welding Rod 3.15 dia X 350 6013,43,419,PACK
380,CRS,100300109MR,EMERY PAPER (Wid 50mm,Len 50Mtr)-Fine,44,22,MT
381,CRS,100300108MR,EMERY PAPER (Wid 50mm,Len 50Mtr)-Coarse,45,20.37,MT
382,CRS,100301039MR,FACE MASK (YELLOW/GREY),46,18,EA
383,CRS,10030099MR,PETROLEUM JELLY (1/2Kg Pack),47,100,EA
384,CRS,100301037MR,SURGICAL GLOVES,48,8,EA
385,CRS,10030098MR,CRC,49,440,EA
386,CRS,PN05040333,LDPE POLYTHENE BAG,50,138.5,EA
387,CRS,PICON1110,DENDRITE 1 ltr tin,51,338,EA
388,CRS,PN03020122,RUSTOLINE,52,190,EA
389,CRS,S992508,TAFLON TAPE 1/2" ROLLS,53,15.5,EA
390,CRS,100301042MR,1270 REUSABLE EARPLUG,54,29,EA
391,CRS,08-03-06-0050,GODREJ LOCK(7 LEVER),55,348,EA
392,CRS,OSI01748CM,WD - 40 SPRAY,56,275,EA
393,CRS,5651147L,AQUADIS WATER FINDING PASTE,57,90,Pack
394,CRS,4205019,M-seal,58,18,EA
395,CRS,EBT0200302,Battery 1.5 volts AAA duracell,59,27,EA
396,CRS,10030070MR,CELL 1.5V AA BATTERY,60,27,EA
397,CRS,PN07050324,DURACELL MAKE 9V BATTERY,61,155,EA
398,CRS,100300421MR,Abrasive Cutting wheel - 100*6*16 AG4,62,30,EA
399,CRS,FSMRVCON0002,Abrasive Cutting wheel 100*2.0*16MM,63,24,EA
400,CRS,100300411MR,Abrasive Cutting wheel 125*2*22.23mm,64,35,EA
401,CRS,40.289,Sealant Loctite 587 - 300ML,65,574.55,EA
402,CRS,CAD0500106,Loctite Chisel Paint Stripper -510gm SF-790,66,788,EA
403,CRS,15070008,Sealant Loctite 454 - 20G Tube,67,387,EA
404,CRS,40.353,LOCTITE 577,68,3.6,ML
405,CRS,0502CA0350NV,LOCTITE 262,69,3.25,ML
406,CRS,006512326B1,LOCTITE (515),70,4.04,ML
407,CRS,0311AAB00480N,LOCTITE5904 - 300ML,71,3.12,ML
408,CRS,0502JAA00140N,Sealant Loctite 5060 - 300ML,72,2.49,ML
409,CRS,40.352,Sealant Loctite 574 - 250ML,73,3.48,ML
410,CRS,0311AAM00110N,Sealant Loctite 5900 - 300ML,74,3.92,ML
411,CRS,0703HD0065N,Sealant Loctite 5188 - 300ML,75,2038,EA
412,CRS,006512557B1,Sealant Loctite 638 - 300ML,76,3.63,ML
413,CRS,0107DA0010NV,LOCTITE 243 (250ML),77,846,EA
414,CRS,FSMRVCON0003,Abrasive Cutting wheel 105*1.2*16mm,78,16,EA
415,CRS,FSMRVCON0004,Abrasive Cutting wheel 125*1*22.23mm,79,30,EA
416,CRS,FSMRVCON0005,Abrasive Cutting wheel 125*1.2*22mm,80,30,EA
417,CRS,100300670MR,ANGLE COCK - 1/2" (JAGUAR),81,660,EA
418,CRS,100300521MR,Material Identification Tag- Me,82,1.2,EA
419,CRS,4301501,CITOFIL WIRE 0.8MM (PLW),83,128,KG
420,CRS,100301073MR,B-SAFE HAND SANITIZER (5 LITRE),84,295,L
421,CRS,100301057MR,Oxivir Five-16 Surface Disinfectant,85,700,EA
422,CRS,5553086L,DISTILLED WATER,86,33,L
423,CRS,4903022,BANIYAN CLOTH PCS WHITE,87,65,KG
424,CRS,4903021,BANIYAN CLOTH PCS COLOURED,88,45,KG
425,CRS,SAF0100302,KNITTED HAND GLOVES - 60gms,89,8.13,EA


