ID,requesterTokenNumber,department,name,email  
1001,25023589,Platform 3
1002,23139175,Platform 6
1003,23076410,Platform UPP
1004,25013789,Platform UPP
1005,25017326,BEV
1006,25025314,Platform 2
1007,25019240,Platform 3
1008,25007838,Finance
1009,25016529,R&D
1010,23105240,Project Finance
1011,KANIVV-CONT,ISR,KANIVENTHAN V,50010025@mahindra.com
1012,50001254,ISR,SAJEEV ATHUL,50010025@mahindra.com
1013,S05143,ISR,E DHARANIKA,50010025@mahindra.com
1014,REVKU-CONT,ISR,KUMAR REVANTH,50010025@mahindra.com
1015,23105241,ADPD,Aman,50010024@mahindra.com

   