PlatformId,PlatformDesc,Role,UserId
12,Platform 1.S110,AP_CPH,207085
12,Platform 1.S110,AP_PEH,205302
12,Platform 1.S110,AP_PPM,25005683
12,Platform 1.S110,AP_PMH,214443
12,Platform 1.S110,AP_PPH,202412
12,Platform 1.S110,AP_PFH,23127825
13,Platform 7.S210A,AP_CPH,23126073
13,Platform 7.S210A,AP_PEH,301203
13,Platform 7.S210A,AP_PPM,25005683
13,Platform 7.S210A,AP_PMH,203665
13,Platform 7.S210A,AP_PPH,23073956
13,Platform 7.S210A,AP_PFH,23127825
14,Platform 7.S210B,AP_CPH,207086
14,Platform 7.S210B,AP_PEH,23113766
14,Platform 7.S210B,AP_PPM,25005683
14,Platform 7.S210B,AP_PMH,203665
14,Platform 7.S210B,AP_PPH,23073956
14,Platform 7.S210B,AP_PFH,23127825
15,Platform 2.W2,AP_CPH,25007838
15,Platform 2.W2,AP_PEH,202828
15,Platform 2.W2,AP_PPM,25005080
15,Platform 2.W2,AP_PMH,203490
15,Platform 2.W2,AP_PPH,202362
15,Platform 2.W2,AP_PFH,201136
16,Platform 2.W6A,AP_CPH,207795
16,Platform 2.W6A,AP_PEH,23112877
16,Platform 2.W6A,AP_PPM,25010302
16,Platform 2.W6A,AP_PMH,23072827
16,Platform 2.W6A,AP_PPH,202362
16,Platform 2.W6A,AP_PFH,23127825
16,Platform 2.W6A,AP_FM,25016529
16,Platform 2.W6A,AP_SR_VP,212445
17,Platform 2.W6B,AP_CPH,25007838
17,Platform 2.W6B,AP_PEH,301194
17,Platform 2.W6B,AP_PPM,23061542
17,Platform 2.W6B,AP_PMH,203490
17,Platform 2.W6B,AP_PPH,202362
17,Platform 2.W6B,AP_PFH,201136
18,Platform 2.W6C,AP_CPH,25007838
18,Platform 2.W6C,AP_PEH,207560
18,Platform 2.W6C,AP_PPM,23061542
18,Platform 2.W6C,AP_PMH,203490
18,Platform 2.W6C,AP_PPH,202362
18,Platform 2.W6C,AP_PFH,201136
19,Platform 1.S3A,AP_CPH,207085
19,Platform 1.S3A,AP_PEH,25006104
19,Platform 1.S3A,AP_PPM,23061692
19,Platform 1.S3A,AP_PMH,214443
19,Platform 1.S3A,AP_PPH,202412
19,Platform 1.S3A,AP_PFH,23127825
20,Platform Test,AP_CPH,324844
20,Platform Test,AP_PEH,324844
20,Platform Test,AP_PPM,324844
20,Platform Test,AP_PMH,324844
20,Platform Test,AP_PPH,324844
20,Platform Test,AP_PFH,324844
20,Platform Test,AP_FM,324844
20,Platform Test,AP_SR_VP,324844
20,Platform Test,AP_SR_GM,324844
