Id,Category,Description,Location
1,TransferType,INTERLINE TRANSFER,
2,TransferType,INTRALINE TRANSFER,
3,TransferType,INTERHEAD TRANSFER,
4,NatureOfExpense,Revenue to Capex
5,NatureOfExpense,Capex to Revenue
6,Forum,Pre AFCC,
7,Forum,AFCC,
8,Forum,P&BC,
9,PaymentOption,Bank Transfer,
10,PaymentOption,Check Payment,
11,PaymentType,Vendor Payment,
12,PaymentType,Internal Transfer,
13,PaymentTerms,Immediate,
14,PaymentTerms,Net 30,
15,ADPD,IIIT - INTERLINE/INTRALINE/INTERHEAD Transfer

16,ADPD,CBU - Contingency Budget Utilisation

17,ADPD,PS - Parked Savings Utilisation

18,ADPD,PPBA - Pre Project Budget Approval

19,ADPD,EXIG - Exigency Budget Utilisation/Additional Budget

20,ADPD,BA - Budget Advancement/New Project Budget 

21,ADPD,CO - Cost Overrun
22,SSFD,New Requirement,
23,SSFD,Contingency,
24,SSFD,Interline Transfer,
25,SSFD,Budget Carry-Forward,
26,SSFD,Savings,
27,SSFD,Interhead Transfer,
28,SSFD,Cost Over-Run,
29,FromWBSCode,ADCPW615CKDDBV2S2B,
30,FromWBSCode,ADRPP200VHRDCK03Z5,
31,FromWBSCode,ADRPW507VHRDNS10V,
32,FromWBSCode,ADCPU171CKMMTR05F1,
33,FromWBSCode,EVRPV100VHRDMR99S,
34,FromWBSCode,ADRPW616VHCMCK02I,
35,FromWBSCode,ADRPW502VHRDKN01DP,
36,FromWBSCode,ADRPW121VHRDMR17Z,
37,FromWBSCode,ADRPW616VHMMCK04FG,
38,FromWBSCode,ADCPP200CKMMTR05I1,
39,ToWBSCode,ADCPW615CKMMTR05H,
40,ToWBSCode,ADRPP200ECRDMR07Z1,
41,ToWBSCode,ADRPP200ECRDMR03Z1,
42,ToWBSCode,ADRPW507VHRDMR10Z,
43,ToWBSCode,ADCPU171CKMMTR05H1,
44,ToWBSCode,ADRPV100VHRDMR03Z,
45,ToWBSCode,ADRPW616VHCMCK08I,
46,ToWBSCode,ADRPW502VHCMKN10Z,
47,ToWBSCode,ADRPW121VHRDKN02Z,
48,ToWBSCode,ADRPW121VHRDNS02Z,
49,ToWBSCode,ADRPW616VHMMMR04F1,
50,ToWBSCode,ADCPP200CKMMTR05D1,
51,FromWBSLevel,Vehicle - R&D,
52,FromWBSLevel,Vehicle-CDMM,
53,FromWBSLevel,Vehicle-CME,
54,ToWBSLevel,Vehicle-R&D,
55,ToWBSLevel,Vehicle-CME1,
56,ToWBSLevel,Vehicle-CDMM1,
57,FromWBSLoc,Chakan,
58,FromWBSLoc,MRV,
59,FromWBSLoc,Nashik,
60,FromWBSLoc,Kandivali,
61,ToWBSLoc,Chakan,
62,ToWBSLoc,MRV,
63,ToWBSLoc,Nashik,
64,ToWBSLoc,Kandivali,
65,SS_DEPARTMENT,FD CME,
66,SS_DEPARTMENT,FD-PTD,
67,SS_DEPARTMENT,FD CDMM,
68,SS_DEPARTMENT,FD PD,
69,SS_LOCATION,RAJKOT,
70,SS_LOCATION,MRV,
71,SS_LOCATION,RUDRAPUR,
72,SS_LOCATION,NAGPUR,
73,SS_MARKET,"Domestic (Dom)",
74,SS_MARKET,"International operation (IO)",
75,NABDiv,AD,Area office
76,NABDiv,AD,Bhiwandi
77,NABDiv,AD,Delhi
78,NABDiv,AD,Kandivali
79,NABDiv,AD,Jaipur
80,NABDiv,MTBD,Central Sustainability
81,NABDiv,MTBD,Pune
82,NABDiv,CE,Bhiwandi
83,NABDiv,MHEPL,Pune
84,NABDiv,MTWL,Pune
85,NABcontValue,0,
86,NABcontValue,5,
87,NABcontValue,10,
88,NABprojCode,ECC,
89,NABprojCode,BTP,
90,NABprojCode,Fiori,
91,SS_MARKET,IO+Dom,
92,SSFD,Preproject Approval,
93,SSFD,Capex Budget Carry-Forward,
94,SSFD,Others,
95,approvalType,Additional Budget,
96,approvalType,New Budget,
97,ISR_PROD_DESC,Diesel BS VI,
98,ISR_PROD_DESC,Petrol 91,
99,ISR_PROD_DESC,Petrol E20,
101,ISR_PROD_DESC,TEST FUEL,
102,ISR_PROD_DESC,REVANTH TEST,
103,ISR_PROD_DESC,Petrol E10,
104,ISR_UOM,L,
105,ISR_UOM,KG,
106,ISR_LOC,MRV,
107,ISR_LOC,MSDVC,
108,ISR_LOC,MSPT,
a101,Aggregate,ENGINE,
a102,Aggregate,TRANSMISSION,
a103,Aggregate,HYDRAULIC,
a104,Aggregate,BEA,
a105,Aggregate,OVERALL TRACTOR,
a106,Aggregate,ELECTRICAL,
a107,Budget Provision,ECN Budget,
a108,Budget Provision,Special Sanction,
a109,Budget Provision,Passed on to Product Cost,
a110,Budget Provision,Others,
a126,Change Category,Forex Cost Revision,
a127,Change Category,Alternate Source,
a128,Change Category,Commercial Approval Note,
a129,Change Category,Price Actualization,
a130,Change Category,New Part Settlement,
a131,Change Category,ECN,
a132,Change Category,Proto Part,
a133,Change Category,System Price Correction,
a134,Change Category,Packaging,
a135,Change Category,Transportation,
a136,Change Category,ROCM,
a137,Change Category,Conversion Cost Revision,
a138,Change Category,Change in Terms,
a139,Change Category,Negotiation Savings,
a140,Change Category,P Info Copy,
a141,Change Category,HSD/Petrol/CNG,
a142,Field Quality,Field Quality,
a143,Field Quality,Statutory,
a144,Field Quality,Product Engineering,
a145,Field Quality,P24,
a146,Applicable Models,Domestic,
a147,Applicable Models,Export,
a148,Applicable Models,Domestic & Export,
a149,Warranty Cost,YES,
a150,Warranty Cost,NO,
109,P24,Cost Approval Process,
50001254,PVE_LEAD,ATHUL SAJEEV
50001754,PVE_LEAD,KARYAVULA HARSHAVARDHAN
50001755,PVE_LEAD,LAKAVATH RAMU
50002151,PVE_LEAD,PRIYATHAM TELAPROLU
50008442,PVE_LEAD,PAVAN KUMAR V
50010024,PVE_LEAD,RAJ VIKRANT
110,ISR_WASTETYPE,Hazardous Waste
111,ISR_WASTETYPE,Battery Waste
112,ISR_WASTETYPE,E-Waste
113,ISR_WASTETYPE,Plastic Waste
114,ISR_WASTETYPE,Tyre Waste
115,ISR_WASTETYPE,Rubber Waste
116,ISR_WASTETYPE,Glass Waste
117,ISR_WASTETYPE,Solid Waste
118,doc_Category,Cost Break Up
119,doc_Category,Quotation
120,doc_Category,IRR Validated By Account
121,doc_Category,Others
122,doc_Category,Testing 1
123,doc_Category,Testing 2
124,doc_Category,Testing 3
125,doc_Category,Layout
126,doc_Category,Wbs breakup
127,doc_Category,Clarification document
128,doc_Category,Revised IRR
129,NAB_projCode,Project Code1
130,NAB_projCode, Project Code2
131,NAB_projCode, Project Code2
132,NatureOfExpense,Capex to Capex + Revenue to Revenue
133,NatureOfExpense,Revenue to Revenue
134,EXP_LOCATION,MRV
135,EXP_LOCATION,AKOLA
136,EXP_LOCATION,JETSAR
137,EXP_LOCATION,KANDIVALI

W507,ADPD_PROJ,	W507 – 5 Door Thar (SoP + 1 Year Feature)

W121,ADPD_PROJ,	Scorpio PU Survival

P201,ADPD_PROJ,	UPP Goods - G2 Domestic Diesel

P205,ADPD_PROJ,	UPP G1 CNG

V100,ADPD_PROJ,	Born Electric VES System Development

W615,ADPD_PROJ,	XUV700 Limited Edition (Blaze)
W616,ADPD_PROJ,	W616 - XUV 7OO MCE
U171,ADPD_PROJ,	All New Bolero
W502,ADPD_PROJ,	W502 5 Door Thar
