ID,processId,subProcessId,cond_string_value,cond_range_min,operator_min,cond_range_max,operator_max,cond_unit,approverRole
e34c529e-1c01-4fd3-84b5-2ad0a3d5d1cb,AP,IIIT,,0,GE,10,LE,lakhs,
5e8b1d01-7531-40cf-bf01-d6b3408cf5c2,AP,IIIT,,10,GT,50,LE,lakhs,
3b31f1c4-9f0e-4c11-81a4-dbe2d77f4378,AP,IIIT,,50,GT,100,LE,lakhs,
b34dc290-8a8b-48f5-9462-245c116c9e03,AP,IIIT,,100,GT,500,LE,lakhs,
8e63adcd-9f30-46f1-90d8-15c6e98d1b1d,AP,IIIT,Revenue to Capex,,,,,lakhs,
cc6acda0-2f4b-4a8a-87d7-10f57790b9e7,AP,IIIT,Capex to Revenue,,,,,lakhs,
30699347-7e7c-4cb8-a376-882d69a0b09f,AP,IIIT,Capex to Capex + Revenue to Revenue,,,,,lakhs,
9dc8454c-c7f3-4c36-a499-02a9cb3d1f9a,AP,IIIT,Revenue to Revenue,,,,,lakhs,
2f06d2d7-e016-43f4-b8c2-4f49d34ef57e,AP,CBU,,0,GE,10,LE,lakhs,
8d37de29-1c6b-426e-8d25-f2a30cf6de3c,AP,CBU,,10,GT,50,LE,lakhs,
3e648a6c-f634-4d77-a4df-4a7f6eaaad7c,AP,CBU,,50,GT,100,LE,lakhs,
7bb03e00-f1e3-4c4b-b580-735a91cc89d2,AP,CBU,,100,GT,500,LE,lakhs,
3e297306-2a9a-4557-a3f6-f84b9d5d89d4,AP,CBU,,500,GT,,,lakhs,
f241e994-f782-46d7-8039-f2e4918d5aa4,AP,PS,,0,GE,100,LE,lakhs,
da7e268b-56c7-4c83-a11c-0cbafbf498b9,AP,PS,,100,GT,200,LE,lakhs,
497f1b57-e5b4-47d0-b2ae-06b66f90e21c,AP,PS,,200,GT,,,lakhs,
fd9ad7cb-2c04-4db8-81d7-2a9cdb3e5ae1,AP,EXIG,,0,GE,500,LE,lakhs,
81eeb35b-3f1a-4389-b0d2-6f169c3fe30d,AP,EXIG,,500,GT,1000,LE,lakhs,
a226c8e7-0d40-4e44-ae77-c9d843c6aa66,AP,EXIG,,1000,GT,,,lakhs,
78e59a9e-e264-4e95-9a65-65ab6a7fd7fb,AP,PPBA,,0,GE,500,LE,lakhs,
f7e82296-c5ed-4452-98c7-bc30ac7b4ff2,AP,PPBA,,500,GT,2500,LE,lakhs,
8cf50423-4581-434f-81ff-7c80a64b36cd,AP,PPBA,,2500,GT,,,lakhs,
a5e7a0e7-60a3-4a4b-a7de-7c92219b6c85,AP,BA,,0,GE,500,LE,lakhs,
1103d7fc-4e3b-49cf-b1a3-9c47a3945d3b,AP,BA,,500,GT,,,lakhs,
2c9f2532-61ae-4b17-bc95-5b7c8cd6e14c,AP,CO,,0,GE,100,LE,lakhs,
c63a416c-bbdf-4f32-8ab6-353f427d4f57,AP,CO,,100,GT,,,lakhs,
7c1c3a70-0e27-4e2a-ae7e-4c1617e2c8bc,SSFD,CBCF,,0,GT,10,LT,crores,FES CFO->President
bd7803f6-137c-49a3-aee9-5530738b7a46,SSFD,CBCF,,10,GE,20,LT,crores,AFS CFO
fc1cc218-bc63-4f0d-853c-56bb97e58a86,SSFD,CBCF,,20,GE,,,crores,ED
d6746265-2ef9-4620-87f1-60ab519d8f87,SSFD,NR,,0,GE,2,LT,crores,
f17dc5c9-107b-49c0-8cf2-b5c212ef09aa,SSFD,CON,,0,GE,2,LT,crores,
f79b41cc-7e14-451e-98f6-9b7b7e0844f7,SSFD,ILT,,0,GE,2,LT,crores,
fbff5cf0-df9d-4124-ae56-3ebba4b47f2c,SSFD,BCF,,0,GE,2,LT,crores,
3d560548-3eac-472c-bf17-b0d4d9ee1308,SSFD,IHT,,0,GE,2,LT,crores,
0a1a6fe5-c2de-4d1b-b02a-3b5029286603,SSFD,OTH,,0,GE,2,LT,crores,
deed91a2-31d8-438f-a8a7-5748b0e5e5c3,SSFD,NR,,2,GE,10,LT,crores,FES CFO->President
fa7ab8e1-f905-426f-a482-3a52ff3fc7b2,SSFD,CON,,2,GE,10,LT,crores,FES CFO->President
fd230f8e-c9b6-4638-a92d-19aeb471be33,SSFD,ILT,,2,GE,10,LT,crores,FES CFO->President
0a5c57c6-d8d6-4b63-90d8-09f6cbb5ec30,SSFD,BCF,,2,GE,10,LT,crores,FES CFO->President
accb6e20-3493-4fc7-8723-e5ebd3eac18f,SSFD,IHT,,2,GE,10,LT,crores,FES CFO->President
f5f84784-c289-4608-8412-e2dcae2c7a5a,SSFD,OTH,,2,GE,10,LT,crores,FES CFO->President
b299165f-cf62-4703-9d84-37d7c9fbd2a2,SSFD,NR,,10,GE,20,LT,crores,AFS CFO
105d090f-82ec-4761-a4f2-dfc723c8455d,SSFD,CON,,10,GE,20,LT,crores,AFS CFO
c5d4b04a-1ad6-443e-a8a2-c324f6b2d3b1,SSFD,ILT,,10,GE,20,LT,crores,AFS CFO
4e273020-5e2e-41be-9cd5-f2d6dc2924ed,SSFD,BCF,,10,GE,20,LT,crores,AFS CFO
87ec0d61-9d68-4076-80e5-cb7e6570144b,SSFD,IHT,,10,GE,20,LT,crores,AFS CFO
3127ff52-0055-493f-8005-b00f2e961d4b,SSFD,OTH,,10,GE,20,LT,crores,AFS CFO
c72dfdbb-bd3d-493f-a7bb-bb6e2f17d72a,SSFD,NR,,20,GE,,,crores,ED
4207582c-ec2a-4fd5-8c8a-70ce4dd4c0b7,SSFD,CON,,20,GE,,,crores,ED
3851f3a9-7c18-4816-8c93-dc25fc4d3683,SSFD,ILT,,20,GE,,,crores,ED
7a63f390-24d7-4523-82ae-eaa4a4980542,SSFD,BCF,,20,GE,,,crores,ED
08b650a0-1147-4595-89c7-1281a395d7c6,SSFD,IHT,,20,GE,,,crores,ED
bc4a60fa-fdcb-48a2-94fc-2d45cd1e8008,SSFD,OTH,,20,GE,,,crores,ED
44d74b1a-2674-4f5e-b405-71ae00d4747b,SSFD,PPA,,0,GT,10,LT,crores,
107b0e57-2c87-47d0-a94a-0f0aaef6bc68,SSFD,PPA,,10,GE,,,crores,
61f03e2d-2e9b-4a12-85de-d591e1991806,SSFD,SAVING,,,,,,,crores,
61f03e2d-2e9b-4a12-85de-d591e1991899,SSFD,COR,,0,GE,,,crores,FES CFO->President

